{"initial_covariance": 0.1045946329832077, "dynamics_covariance": 8.194008692231508e-40, "dynamics_covariance_inflation_factor": 2.364432916124315e-08, "dynamics_weights_or_function": 1.0}