{"initial_covariance": 0.1457505226135254, "dynamics_covariance": 8.194008692231508e-40, "dynamics_covariance_inflation_factor": 9.521994002170686e-07, "dynamics_weights": 1.0}