{"initial_covariance": 0.005629824474453926, "dynamics_covariance": 8.194008692231508e-40, "dynamics_covariance_inflation_factor": 8.194008692231508e-40, "dynamics_weights_or_function": 1.0}