{"initial_covariance": 0.15452848374843597, "dynamics_covariance": 0.0, "dynamics_covariance_inflation_factor": 3.945350712797335e-08, "dynamics_weights": 1.0}