{"initial_covariance": 0.10459447652101517, "dynamics_covariance": 0.0, "dynamics_covariance_inflation_factor": 2.3644252777899055e-08, "dynamics_weights": 1.0}