{"initial_covariance": 0.002952559618279338, "dynamics_covariance": 8.194008692231508e-40, "dynamics_covariance_inflation_factor": 8.194008692231508e-40, "dynamics_weights": 1.0}