{"initial_covariance": 0.004712103866040707, "dynamics_covariance": 8.194008692231508e-40, "dynamics_covariance_inflation_factor": 8.194008692231508e-40, "dynamics_weights": 1.0}