{"initial_covariance": 0.0018995467107743025, "dynamics_covariance": 8.194008692231508e-40, "dynamics_covariance_inflation_factor": 8.194008692231508e-40, "dynamics_weights_or_function": 1.0}