{"initial_covariance": 0.02162063680589199, "dynamics_covariance": 0.0, "dynamics_covariance_inflation_factor": 0.0010188906453549862, "dynamics_weights": 1.0}