{"initial_covariance": 0.020097902044653893, "dynamics_covariance": 0.0, "dynamics_covariance_inflation_factor": 3.351170718701724e-08, "dynamics_weights": 1.0}