{"initial_covariance": 0.02184801734983921, "dynamics_covariance": 1.6442760781415489e-13, "dynamics_covariance_inflation_factor": 2.383402488703723e-06, "dynamics_weights_or_function": 0.999999917913371}