{"initial_covariance": 0.028956053778529167, "dynamics_covariance": 8.194008692231508e-40, "dynamics_covariance_inflation_factor": 4.338069174991688e-07, "dynamics_weights_or_function": 1.0}