{"initial_covariance": 0.041510991752147675, "dynamics_covariance": 8.194008692231508e-40, "dynamics_covariance_inflation_factor": 8.832011189952027e-06, "dynamics_weights": 1.0}