{"initial_covariance": 0.036327239125967026, "dynamics_covariance": 0.0, "dynamics_covariance_inflation_factor": 5.984892581523127e-09, "dynamics_weights": 1.0}