{"initial_covariance": 0.06242532283067703, "dynamics_covariance": 0.0, "dynamics_covariance_inflation_factor": 1.0402726857011713e-12, "dynamics_weights": 1.0}