{"initial_covariance": 0.03134062513709068, "dynamics_covariance": 8.194008692231508e-40, "dynamics_covariance_inflation_factor": 1.2192758738413523e-12, "dynamics_weights": 1.0}