{"initial_covariance": 4.539993096841499e-05, "dynamics_covariance": 3.8801856135251e-05, "dynamics_covariance_inflation_factor": 1.7652362861372839e-12, "dynamics_weights_or_function": 0.9999974330355599}