{"initial_covariance": 0.013622032478451729, "dynamics_covariance": 5.844996253494272e-13, "dynamics_covariance_inflation_factor": 3.90749210055219e-06, "dynamics_weights": 0.9999998904359231}