{"initial_covariance": 0.014148772694170475, "dynamics_covariance": 0.0, "dynamics_covariance_inflation_factor": 0.0003577704483177513, "dynamics_weights_or_function": 1.0}