{"initial_covariance": 0.000911604322027415, "dynamics_covariance": 0.0, "dynamics_covariance_inflation_factor": 0.0004423410864546895, "dynamics_weights_or_function": 1.0}