{"initial_covariance": 0.020954398438334465, "dynamics_covariance": 1.587801989444415e-06, "dynamics_covariance_inflation_factor": 1.188868009194266e-05, "dynamics_weights": 0.9999981887524427}