{"initial_covariance": 0.02184801734983921, "dynamics_covariance": 2.383402488703723e-06, "dynamics_covariance_inflation_factor": 8.208662904962694e-08, "dynamics_weights_or_function": 0.9999999999998356}