{"initial_covariance": 0.02184801548719406, "dynamics_covariance": 1.6442786531217085e-13, "dynamics_covariance_inflation_factor": 2.3834011244616704e-06, "dynamics_weights": 0.999999917913442}