{"initial_covariance": 0.037291429936885834, "dynamics_covariance": 7.683067815378308e-05, "dynamics_covariance_inflation_factor": 9.597619872242155e-14, "dynamics_weights": 0.9999999998978196}