{"learning_rate": 0.00010850580292753875, "initial_covariance": 9.237635822501034e-05}