{"initial_covariance": 0.01802695356309414, "dynamics_covariance": 8.194008692231508e-40, "dynamics_covariance_inflation_factor": 3.101140177985684e-10, "dynamics_weights": 1.0}