{"initial_covariance": 0.011571381241083145, "dynamics_covariance": 8.194008692231508e-40, "dynamics_covariance_inflation_factor": 3.8317190046655014e-05, "dynamics_weights": 1.0}