{"initial_covariance": 0.047011375427246094, "dynamics_covariance": 8.194008692231508e-40, "dynamics_covariance_inflation_factor": 1.6782491002231836e-05, "dynamics_weights": 1.0}