{"initial_covariance": 0.06014932692050934, "dynamics_covariance": 8.194008692231508e-40, "dynamics_covariance_inflation_factor": 3.5177106383343926e-06, "dynamics_weights": 1.0}