{"initial_covariance": 0.04151087626814842, "dynamics_covariance": 0.0, "dynamics_covariance_inflation_factor": 1.0211630979028996e-05, "dynamics_weights": 1.0}