{"initial_covariance": 0.029274344444274902, "dynamics_covariance": 8.194008692231508e-40, "dynamics_covariance_inflation_factor": 0.009429787285625935, "dynamics_weights": 1.0}