{"initial_covariance": 0.041510991752147675, "dynamics_covariance": 8.194008692231508e-40, "dynamics_covariance_inflation_factor": 1.0211657354375347e-05, "dynamics_weights": 1.0}