{"learning_rate": 0.00029352190904319286, "initial_covariance": 0.0005571987712755799}