{"learning_rate": 0.004897463135421276, "initial_covariance": 0.0026078808587044477}