{"initial_covariance": 0.008995318785309792, "dynamics_covariance": 8.194008692231508e-40, "dynamics_covariance_inflation_factor": 9.267486333897068e-09, "dynamics_weights_or_function": 1.0}