{"initial_covariance": 0.04151087626814842, "dynamics_covariance": 0.0, "dynamics_covariance_inflation_factor": 8.832000276015606e-06, "dynamics_weights": 1.0}