{"initial_covariance": 0.007017523515969515, "dynamics_covariance": 8.194008692231508e-40, "dynamics_covariance_inflation_factor": 3.900650540344941e-07, "dynamics_weights": 1.0}