{"initial_covariance": 0.06085390970110893, "dynamics_covariance": 8.194008692231508e-40, "dynamics_covariance_inflation_factor": 3.0561628250325157e-07, "dynamics_weights": 1.0}