{"initial_covariance": 0.007819163613021374, "dynamics_covariance": 8.194008692231508e-40, "dynamics_covariance_inflation_factor": 6.24967151452438e-06, "dynamics_weights": 1.0}