{"initial_covariance": 0.020122380927205086, "dynamics_covariance": 8.194008692231508e-40, "dynamics_covariance_inflation_factor": 5.7168941566487774e-05, "dynamics_weights": 1.0}