{"initial_covariance": 0.036486055701971054, "dynamics_covariance": 9.379550901158357e-14, "dynamics_covariance_inflation_factor": 4.952033805238898e-07, "dynamics_weights_or_function": 0.9999999751830639}