{"learning_rate": 0.0021004891023039818, "initial_covariance": 0.6953274011611938}