{"learning_rate": 0.000859695952385664, "initial_covariance": 0.00019775258260779083}