{"initial_covariance": 0.03655003011226654, "dynamics_covariance": 9.362049845215367e-14, "dynamics_covariance_inflation_factor": 4.954197834194929e-07, "dynamics_weights_or_function": 0.9999999751567845}