{"learning_rate": 0.010554869659245014, "initial_covariance": 0.018828824162483215}