{"learning_rate": 0.03477505221962929, "initial_covariance": 0.05207415670156479}