{"initial_covariance": 0.12208788841962814, "dynamics_covariance": 0.0, "dynamics_covariance_inflation_factor": 1.3573374246789172e-07, "dynamics_weights": 1.0}