{"initial_covariance": 0.09016799181699753, "dynamics_covariance": 0.0, "dynamics_covariance_inflation_factor": 7.211502506265788e-10, "dynamics_weights": 1.0}