{"initial_covariance": 0.006149849854409695, "dynamics_covariance": 8.194008692231508e-40, "dynamics_covariance_inflation_factor": 1.5777428192045861e-12, "dynamics_weights_or_function": 1.0}