{"initial_covariance": 0.010554869659245014, "dynamics_covariance": 8.194008692231508e-40, "dynamics_covariance_inflation_factor": 0.00019464772776700556, "dynamics_weights": 1.0}