{"initial_covariance": 0.011150413192808628, "dynamics_covariance": 8.194008692231508e-40, "dynamics_covariance_inflation_factor": 0.005843345541507006, "dynamics_weights": 1.0}