{"initial_covariance": 0.00614987313747406, "dynamics_covariance": 8.194008692231508e-40, "dynamics_covariance_inflation_factor": 1.5777216772622227e-12, "dynamics_weights_or_function": 1.0}