{"learning_rate": 0.028982624411582947, "initial_covariance": 0.00314025254920125}