{"initial_covariance": 0.15742580592632294, "dynamics_covariance": 8.194008692231508e-40, "dynamics_covariance_inflation_factor": 9.172334766716084e-12, "dynamics_weights": 1.0}