{"initial_covariance": 0.2725648880004883, "dynamics_covariance": 8.194008692231508e-40, "dynamics_covariance_inflation_factor": 0.006595255341380835, "dynamics_weights": 1.0}