{"initial_covariance": 0.13974709808826447, "dynamics_covariance": 8.463967374194858e-12, "dynamics_covariance_inflation_factor": 2.677482484614302e-07, "dynamics_weights": 0.9999998583443812}