{"initial_covariance": 0.041484806686639786, "dynamics_covariance": 0.0, "dynamics_covariance_inflation_factor": 1.7713745137371006e-06, "dynamics_weights_or_function": 1.0}