{"initial_covariance": 0.08001502603292465, "dynamics_covariance": 0.0, "dynamics_covariance_inflation_factor": 0.0061770048923790455, "dynamics_weights": 1.0}