{"initial_covariance": 0.058711063116788864, "dynamics_covariance": 0.0, "dynamics_covariance_inflation_factor": 8.892701589502394e-05, "dynamics_weights": 1.0}