{"initial_covariance": 0.05014277994632721, "dynamics_covariance": 0.0, "dynamics_covariance_inflation_factor": 9.66460245166445e-11, "dynamics_weights": 1.0}