{"initial_covariance": 0.04772099852561951, "dynamics_covariance": 0.0, "dynamics_covariance_inflation_factor": 1.7536756552125055e-12, "dynamics_weights": 1.0}