{"initial_covariance": 0.058244116604328156, "dynamics_covariance": 0.0, "dynamics_covariance_inflation_factor": 3.2891120937961205e-09, "dynamics_weights": 1.0}