{"initial_covariance": 0.03009074367582798, "dynamics_covariance": 8.194008692231508e-40, "dynamics_covariance_inflation_factor": 1.1731746216853134e-12, "dynamics_weights": 1.0}