{"initial_covariance": 0.03479508310556412, "dynamics_covariance": 8.194008692231508e-40, "dynamics_covariance_inflation_factor": 5.7339022419000685e-09, "dynamics_weights": 1.0}