{"initial_covariance": 0.006149867083877325, "dynamics_covariance": 8.194008692231508e-40, "dynamics_covariance_inflation_factor": 1.5777247130283056e-12, "dynamics_weights_or_function": 1.0}