{"initial_covariance": 0.008995307609438896, "dynamics_covariance": 0.0, "dynamics_covariance_inflation_factor": 9.267489886610747e-09, "dynamics_weights": 1.0}