{"initial_covariance": 0.001401872024871409, "dynamics_covariance": 8.194008692231508e-40, "dynamics_covariance_inflation_factor": 4.059091952512972e-05, "dynamics_weights_or_function": 1.0}