{"initial_covariance": 0.0026695493143051863, "learning_rate": 0.004370334558188915}