{"initial_covariance": 0.00015868346963543445, "learning_rate": 0.0013185807038098574}