{"initial_covariance": 0.004089664202183485, "dynamics_covariance": 8.194008692231508e-40, "dynamics_covariance_inflation_factor": 5.6327884522033855e-05, "dynamics_weights_or_function": 1.0}