{"initial_covariance": 0.028987614437937737, "dynamics_covariance": 8.194008692231508e-40, "dynamics_covariance_inflation_factor": 1.4494013989008181e-08, "dynamics_weights": 1.0}