{"initial_covariance": 4.610669566318393e-05, "learning_rate": 0.010105673223733902}