{"initial_covariance": 0.0244983471930027, "dynamics_covariance": 2.157323798768207e-13, "dynamics_covariance_inflation_factor": 1.7873260276246583e-06, "dynamics_weights": 0.9999999235599333}