{"learning_rate": 0.006613842211663723, "initial_covariance": 0.0001595370122231543}