{"learning_rate": 0.006653312128037214, "initial_covariance": 0.0001603368582436815}