{"initial_covariance": 0.07452990859746933, "dynamics_covariance": 9.357622912219837e-14, "dynamics_covariance_inflation_factor": 5.306188973451531e-13, "dynamics_weights": 0.9999999999880127}