{"initial_covariance": 0.2725648880004883, "dynamics_covariance": 0.001287185470573604, "dynamics_covariance_inflation_factor": 0.006595255341380835, "dynamics_weights": 0.9999999999998284}