{"initial_covariance": 0.008293074555695057, "dynamics_covariance": 8.194008692231508e-40, "dynamics_covariance_inflation_factor": 1.357267024104658e-06, "dynamics_weights": 1.0}