{"initial_covariance": 0.004089662339538336, "dynamics_covariance": 8.194008692231508e-40, "dynamics_covariance_inflation_factor": 5.632793909171596e-05, "dynamics_weights_or_function": 1.0}