{"initial_covariance": 0.010554869659245014, "dynamics_covariance": 6.675282747892197e-06, "dynamics_covariance_inflation_factor": 0.00019464772776700556, "dynamics_weights_or_function": 0.9999986769818179}