{"initial_covariance": 0.1045946329832077, "dynamics_covariance": 2.6182844781175163e-10, "dynamics_covariance_inflation_factor": 8.194008692231508e-40, "dynamics_weights": 0.9999994108294459}