{"initial_covariance": 4.539993096841499e-05, "dynamics_covariance": 4.2663443309720606e-05, "dynamics_covariance_inflation_factor": 8.194008692231508e-40, "dynamics_weights": 0.9999104929956957}