{"initial_covariance": 4.539993096841499e-05, "dynamics_covariance": 4.652425104723079e-06, "dynamics_covariance_inflation_factor": 8.194008692231508e-40, "dynamics_weights_or_function": 0.9999994731969082}