{"initial_covariance": 0.035826001316308975, "dynamics_covariance": 8.595070727195064e-13, "dynamics_covariance_inflation_factor": 4.5447773544537995e-08, "dynamics_weights": 0.9999991010890881}