{"learning_rate": 0.008995318785309792, "initial_covariance": 0.12458717823028564}