{"initial_covariance": 0.21394824981689453, "dynamics_covariance": 1.4342944421128628e-13, "dynamics_covariance_inflation_factor": 9.9949432411095e-13, "dynamics_weights": 0.9999999999741871}